{"cameraMode":{"drawMode":0,"name":"Shaded","section":"Shading Mode"},"sceneLighting":false,"audioPlay":false,"sceneViewState":{"m_AlwaysRefresh":true,"showFog":true,"showSkybox":true,"showFlares":false,"showImageEffects":true,"showParticleSystems":true,"showVisualEffectGraphs":true,"m_FxEnabled":true},"in2DMode":false,"pivot":{"x":-0.8047810196876526,"y":9.73587417602539,"z":10.32617473602295},"rotation":{"x":-0.004499802365899086,"y":0.008999787271022797,"z":0.00004049931521876715,"w":0.9999493360519409},"size":6.329864025115967,"orthographic":false}